1,"",0,,1349985166,,incomplete,
2,new,0,,1349985160,,incomplete,
3,another,0,,1349985164,,incomplete,
4,title,0,,1349985166,,incomplete,
5,next,0,,1349985160,,incomplete,
6,another,0,,1349985164,,incomplete,
7,another,0,,1349985166,,incomplete,
8,"title",0,,1349986377,,incomplete,
9,"title",0,,1349986380,,incomplete,
10,"title",0,,1349986381,,incomplete,
11,"title",0,,1349986381,,incomplete,
12,"title",0,,1349986382,,incomplete,
13,"title",0,,1349986438,,incomplete,
14,"title",0,,1349986477,,incomplete,
15,"title",0,,1349986871,,incomplete,
16,"[""new""]",0,,1349987122,,incomplete,
17,"[""""]",0,,1349987297,,incomplete,
18,"[""new""]",0,,1349987428,,incomplete,
19,"[""new""]",0,,1349987431,,incomplete,
20,"[""new""]",0,,1349987431,,incomplete,
21,"[""new""]",0,,1349987944,,incomplete,
22,"[""last""]",0,,1349988359,,incomplete,
23,"[""great title""]",0,,1349988613,,incomplete,
